id,name,host_name,neighbourhood,room_type,price,minimum_nights,number_of_reviews,reviews_per_month,availability_365,latitude,longitude
1,Yard understand do contain end.,Danielle,Staten Island,Shared room,77.0,14,88,2.77,250,40.6155,-74.0752
2,Maintain nothing send business mention.,Steven,Bronx,Shared room,116.0,1,183,4.76,248,40.5546,-73.8239
3,Campaign lay.,Caleb,Staten Island,Shared room,10.0,14,253,2.05,251,40.6663,-73.814
4,Everything page.,Jose,Bronx,Entire home/apt,173.0,1,289,0.15,112,40.6168,-74.0401
5,Throughout media tell.,Devin,Staten Island,Private room,54.0,2,399,2.29,253,40.7199,-74.1047
6,Stop run interesting former.,Lynn,Manhattan,Private room,61.0,30,278,4.12,187,40.7168,-73.8473
7,Feeling include certainly manage.,Vanessa,Bronx,Shared room,16.0,2,217,0.51,334,40.8005,-74.0309
8,Place contain right edge late.,Donna,Manhattan,Private room,45.0,3,178,4.31,44,40.6756,-73.7524
9,Fly discuss from.,Katie,Brooklyn,Entire home/apt,152.0,30,377,2.94,179,40.8444,-73.9059
10,Read spend could family hospital.,Paul,Bronx,Entire home/apt,117.0,7,71,3.92,105,40.8222,-73.922
11,Physical but institution structure.,Raymond,Staten Island,Private room,91.0,7,275,0.84,360,40.6171,-73.9209
12,Painting case product.,Daniel,Staten Island,Shared room,38.0,30,48,0.68,210,40.8675,-73.753
13,Maintain never politics while.,Tina,Brooklyn,Shared room,30.0,30,67,1.25,364,40.6288,-74.051
14,Turn nearly.,Christopher,Bronx,Private room,44.0,2,295,3.16,321,40.6657,-73.9692
15,Newspaper dark.,Lisa,Manhattan,Private room,57.0,7,383,1.39,188,40.6819,-73.9548
16,Among apply responsibility child.,Joseph,Staten Island,Entire home/apt,180.0,30,396,4.24,47,40.7924,-73.9666
17,Worker because.,Jerry,Queens,Entire home/apt,170.0,30,273,1.99,219,40.8299,-73.9521
18,Whole ago what alone feeling.,Rachel,Queens,Private room,41.0,3,280,2.89,289,40.841,-73.8347
19,Agree success section sense.,Whitney,Manhattan,Entire home/apt,154.0,1,320,3.92,235,40.5065,-73.7782
20,Reach camera vote community.,Raymond,Brooklyn,Private room,110.0,5,0,4.96,219,40.5809,-73.8746
21,Space example network.,Melinda,Brooklyn,Shared room,10.0,3,81,4.37,140,40.5373,-74.0058
22,Reality morning you race pass.,Timothy,Manhattan,Private room,102.0,14,332,0.83,202,40.7502,-73.8596
23,Television use.,Gregory,Brooklyn,Private room,53.0,14,46,3.52,0,40.5854,-74.1188
24,Impact clearly continue ready.,Nicholas,Staten Island,Entire home/apt,173.0,7,348,2.23,4,40.7782,-73.8232
25,Morning very itself.,April,Bronx,Shared room,10.0,2,244,0.35,196,40.5357,-73.8276
26,If really same pretty pressure.,Jeremy,Manhattan,Private room,10.0,3,153,0.69,68,40.7566,-73.8791
27,Produce first test.,Joshua,Manhattan,Shared room,10.0,7,4,3.05,84,40.676,-73.861
28,Theory next but sell star.,Lynn,Brooklyn,Private room,82.0,7,351,2.21,111,40.5347,-74.1098
29,Task involve condition.,Victor,Manhattan,Shared room,50.0,14,196,1.76,219,40.6258,-74.0941
30,Provide instead national.,Michael,Queens,Shared room,10.0,1,127,2.77,307,40.7885,-74.036
31,Describe old service next.,Jasmine,Manhattan,Shared room,66.0,3,105,2.59,260,40.5755,-73.9933
32,Production single enter student.,Vanessa,Manhattan,Entire home/apt,84.0,5,197,0.56,255,40.7552,-74.1216
33,Provide responsibility important show.,Kimberly,Manhattan,Private room,77.0,3,67,1.93,291,40.6683,-73.9315
34,Into type always.,Christina,Brooklyn,Private room,32.0,30,37,0.08,34,40.5055,-74.0637
35,Open exist sure.,Frederick,Manhattan,Private room,54.0,7,146,3.14,256,40.8068,-73.9806
36,Right education technology.,Robert,Bronx,Entire home/apt,152.0,14,274,2.69,78,40.611,-74.026
37,Would bring white.,Jamie,Staten Island,Entire home/apt,116.0,30,79,2.68,200,40.7346,-73.8447
38,Support campaign.,Michael,Manhattan,Private room,65.0,14,223,3.65,122,40.5232,-74.1155
39,Probably whatever.,Omar,Bronx,Entire home/apt,190.0,5,313,3.04,158,40.7664,-73.8868
40,Week answer.,James,Brooklyn,Entire home/apt,127.0,1,362,0.69,5,40.5655,-73.7688
41,Scientist prevent record walk.,Samantha,Staten Island,Shared room,73.0,30,369,1.3,190,40.5508,-73.8376
42,Maybe our recent idea resource.,Tracie,Queens,Shared room,10.0,1,394,4.5,171,40.8228,-74.0412
43,Resource brother shoulder.,Andrew,Manhattan,Private room,101.0,14,295,3.14,254,40.6821,-74.006
44,Economy improve source mean.,Charles,Bronx,Shared room,98.0,2,188,0.79,52,40.8577,-73.8804
45,Born product choice.,Sarah,Manhattan,Entire home/apt,51.0,14,260,0.01,6,40.5978,-73.9613
46,Human kid hour.,Anthony,Bronx,Entire home/apt,118.0,2,18,2.76,365,40.7963,-73.9823
47,Thousand power third sense.,Jane,Queens,Entire home/apt,173.0,5,368,1.6,39,40.7286,-74.1022
48,Off friend.,George,Manhattan,Entire home/apt,142.0,2,264,4.91,205,40.5276,-73.964
49,Base argue people.,Joshua,Queens,Private room,95.0,3,44,2.77,4,40.6476,-74.0334
50,Fund stand.,Derek,Queens,Shared room,16.0,7,124,2.32,302,40.8887,-73.7509
51,Agree discover.,Isabella,Brooklyn,Shared room,43.0,7,389,3.98,77,40.5026,-73.986
52,Represent might age property court.,Robert,Brooklyn,Shared room,34.0,3,325,4.2,4,40.8804,-74.1494
53,Marriage begin.,Allison,Bronx,Shared room,87.0,14,157,0.52,271,40.8932,-73.9821
54,Carry past want bring hard.,Adam,Manhattan,Entire home/apt,160.0,14,143,0.47,118,40.8589,-73.9421
55,View billion.,Kenneth,Queens,Private room,94.0,14,43,2.9,258,40.5534,-73.822
56,Friend position arm character difference.,Robert,Manhattan,Shared room,24.0,7,31,2.17,66,40.5947,-74.0456
57,Water blood reveal though blue.,Alyssa,Queens,Private room,60.0,14,376,1.63,231,40.6088,-74.1201
58,Live trouble other.,Kevin,Brooklyn,Entire home/apt,133.0,30,394,2.92,79,40.5423,-73.9702
59,Less structure expert.,Lynn,Queens,Private room,96.0,1,274,1.79,106,40.6808,-73.9647
60,Draw Republican.,Eileen,Manhattan,Entire home/apt,133.0,2,351,1.52,360,40.7788,-74.1339
61,Red man and set.,Madison,Queens,Entire home/apt,162.0,1,364,1.24,182,40.6585,-74.1304
62,Word course.,Jamie,Queens,Private room,163.0,30,89,0.16,207,40.8418,-73.9276
63,Card recognize above sing.,Gina,Staten Island,Entire home/apt,185.0,1,236,0.51,71,40.5486,-74.1253
64,Idea camera group peace public.,Angela,Brooklyn,Entire home/apt,137.0,2,205,1.86,322,40.875,-74.1164
65,Month continue measure.,Jennifer,Staten Island,Private room,128.0,30,38,0.11,33,40.5791,-73.8916
66,Perform community remain guess event.,John,Brooklyn,Entire home/apt,134.0,30,169,0.61,236,40.5203,-73.7803
67,Hot she new price change.,Christian,Bronx,Shared room,10.0,5,254,0.15,349,40.6707,-74.0084
68,Modern set less.,Laura,Brooklyn,Private room,40.0,3,228,4.42,17,40.7456,-73.9032
69,Ok bag.,Laura,Queens,Private room,10.0,5,281,2.4,44,40.6119,-74.0951
70,Agreement claim hear gun talk.,Kelly,Brooklyn,Shared room,26.0,30,269,1.25,278,40.8179,-73.7542
71,Require decide million society.,Crystal,Queens,Private room,81.0,7,400,2.42,289,40.701,-73.9946
72,Voice edge civil quickly.,Audrey,Brooklyn,Entire home/apt,217.0,3,305,1.1,143,40.5234,-73.7534
73,Opportunity build rest.,John,Staten Island,Private room,93.0,30,299,5.0,81,40.5401,-73.8873
74,Score relationship teach.,Joy,Queens,Shared room,31.0,30,377,0.28,112,40.7303,-73.7569
75,Worry among how human.,Tommy,Bronx,Private room,113.0,30,88,0.88,303,40.6272,-73.8548
76,Else there market election.,Jamie,Queens,Shared room,10.0,1,360,3.5,290,40.7254,-73.9248
77,Owner local your.,Justin,Brooklyn,Private room,89.0,7,158,0.88,19,40.5361,-74.057
78,He off number politics feeling.,Christopher,Brooklyn,Entire home/apt,181.0,7,244,0.0,314,40.5806,-74.0978
79,Each service.,Wayne,Brooklyn,Private room,21.0,1,11,0.74,360,40.8669,-73.8403
80,Author agree day opportunity.,Richard,Staten Island,Private room,126.0,1,191,3.52,339,40.6582,-74.1096
81,Nor without standard case total.,Garrett,Queens,Private room,94.0,2,80,3.66,223,40.8167,-73.7657
82,Like model up.,Brianna,Queens,Entire home/apt,133.0,14,287,3.47,314,40.8148,-74.0607
83,Method such side hair activity.,Chelsea,Staten Island,Entire home/apt,175.0,5,157,3.67,150,40.5509,-73.8585
84,Fund bill draw.,Christopher,Staten Island,Private room,171.0,30,394,4.83,16,40.5728,-74.0227
85,Study improve mission ahead.,Steven,Staten Island,Entire home/apt,157.0,14,289,0.52,254,40.5563,-73.8519
86,Discussion cultural professional song begin.,Brendan,Brooklyn,Private room,90.0,3,85,3.18,45,40.8287,-73.882
87,Forget anything evidence fire level.,Jeffery,Queens,Private room,62.0,1,135,1.05,354,40.5271,-74.0473
88,Reduce learn thought.,Joseph,Manhattan,Shared room,10.0,1,24,1.93,214,40.8876,-73.7962
89,Individual fight amount.,Jason,Bronx,Private room,113.0,3,279,1.88,245,40.8155,-73.9188
90,Soldier history reflect.,Mary,Brooklyn,Entire home/apt,116.0,5,37,4.0,17,40.618,-74.0225
91,Unit authority heart.,Steve,Manhattan,Entire home/apt,153.0,3,87,4.44,82,40.7928,-73.9312
92,Wind simply within president.,Justin,Manhattan,Private room,61.0,7,314,4.47,360,40.5124,-73.773
93,Face major accept camera open.,James,Brooklyn,Shared room,59.0,5,80,0.27,169,40.5822,-74.074
94,Cultural follow until hit others.,Frank,Staten Island,Shared room,53.0,14,276,1.33,144,40.619,-74.1116
95,Upon every surface.,Nathan,Bronx,Shared room,82.0,7,251,0.77,184,40.5015,-74.1149
96,Whom middle house keep happen.,Jennifer,Staten Island,Private room,60.0,2,49,0.13,87,40.7553,-73.7592
97,Fact heart.,Alexandra,Bronx,Entire home/apt,139.0,3,203,2.35,338,40.606,-73.8933
98,Difference tonight game happy southern.,Laura,Bronx,Entire home/apt,111.0,3,195,1.85,228,40.5178,-73.9741
99,Quality remember at enough.,Erika,Queens,Entire home/apt,132.0,30,137,2.82,77,40.8009,-73.883
100,Receive simply.,Cody,Manhattan,Shared room,55.0,3,277,2.07,301,40.591,-74.1256
101,Face whom set still hair.,Wendy,Bronx,Shared room,70.0,5,274,3.44,243,40.7291,-74.0557
102,What then region.,Dawn,Queens,Entire home/apt,113.0,5,365,0.17,292,40.8602,-73.8298
103,Force yeah fire.,Kimberly,Staten Island,Entire home/apt,185.0,1,387,2.25,85,40.8889,-73.8266
104,Tree service exist student open.,Jared,Brooklyn,Entire home/apt,204.0,5,40,4.94,222,40.5808,-73.821
105,Drug no and seek picture.,Jacob,Brooklyn,Shared room,57.0,3,163,4.55,34,40.5348,-73.9275
106,Tonight final teach.,Donald,Staten Island,Private room,155.0,30,141,2.6,6,40.8146,-73.9008
107,Tree anything black wish.,Nancy,Staten Island,Private room,49.0,1,212,0.75,290,40.7352,-73.8466
108,Room gun particular.,Jonathon,Manhattan,Entire home/apt,100.0,7,399,0.5,146,40.847,-73.7979
109,Training star prevent girl.,Nicole,Bronx,Private room,10.0,5,335,2.43,311,40.6892,-74.0811
110,My model source response.,Jamie,Bronx,Entire home/apt,210.0,7,311,3.4,205,40.5155,-73.7942
111,With individual stop.,Mark,Queens,Shared room,66.0,2,25,3.73,137,40.8588,-74.1419
112,Majority pick trial.,Christine,Queens,Private room,78.0,3,251,4.29,350,40.5393,-73.8024
113,Forward fly believe trip.,Sara,Brooklyn,Private room,91.0,14,226,3.87,164,40.6078,-73.9833
114,Interview war special heart be.,Sharon,Manhattan,Entire home/apt,105.0,5,108,4.57,208,40.7964,-73.8462
115,Whole oil water.,Michael,Queens,Entire home/apt,248.0,7,81,0.33,363,40.7027,-74.0957
116,Surface option.,Laura,Staten Island,Shared room,45.0,1,88,0.96,102,40.8348,-74.0502
117,Own including look something serious.,Kathleen,Bronx,Entire home/apt,154.0,3,360,1.0,188,40.8294,-73.9479
118,Number once.,Aaron,Manhattan,Shared room,69.0,1,123,1.86,304,40.6784,-73.7658
119,Ok table range.,Kevin,Bronx,Shared room,59.0,7,179,1.72,132,40.7996,-73.8745
120,Sister throughout.,Richard,Queens,Entire home/apt,159.0,5,25,0.81,292,40.8119,-74.0643
121,Would purpose prevent more area.,Susan,Brooklyn,Shared room,10.0,2,346,1.03,333,40.6638,-74.142
122,Protect picture good.,Mary,Manhattan,Private room,99.0,2,331,0.87,4,40.5895,-73.9067
123,Their shake after hair everyone.,Zachary,Queens,Shared room,115.0,14,329,1.38,192,40.8406,-73.9664
124,Conference tough.,Eric,Brooklyn,Private room,134.0,3,346,2.6,319,40.6589,-74.1091
125,Send reality employee environmental term.,Claudia,Staten Island,Shared room,104.0,30,191,2.81,304,40.7436,-74.0306
126,Mean board by.,Marcus,Manhattan,Private room,60.0,1,172,4.94,327,40.6301,-74.0392
127,Likely seat side.,Heather,Queens,Entire home/apt,110.0,2,264,3.83,29,40.8222,-73.8291
128,Down possible.,Max,Staten Island,Private room,75.0,14,163,3.4,13,40.7622,-73.751
129,Research artist per.,Michael,Queens,Private room,82.0,5,198,3.68,298,40.7832,-73.9212
130,Air your foreign group.,Ray,Brooklyn,Private room,124.0,14,365,1.11,273,40.7553,-73.9597
131,According central always seek lead.,Miranda,Queens,Shared room,10.0,3,87,4.2,285,40.5725,-74.111
132,In factor head their offer.,Sarah,Brooklyn,Shared room,101.0,3,371,4.04,93,40.8788,-73.7902
133,Sort north.,Derek,Manhattan,Entire home/apt,144.0,3,114,3.72,157,40.6682,-73.7953
134,Quite recently try upon.,Nicholas,Queens,Private room,63.0,7,150,2.32,60,40.6882,-73.8034
135,Girl performance build.,Tiffany,Staten Island,Shared room,10.0,7,36,2.36,99,40.7002,-73.803
136,Blood weight let.,Angela,Bronx,Shared room,10.0,3,211,0.27,77,40.5549,-74.0699
137,Class wide now star.,Seth,Bronx,Shared room,73.0,5,73,1.58,92,40.8116,-73.955
138,Concern explain author.,Joshua,Brooklyn,Private room,83.0,14,29,0.02,140,40.5838,-73.8406
139,Discover window ahead cut themselves.,Ashlee,Staten Island,Entire home/apt,98.0,5,390,3.9,66,40.7458,-73.8966
140,Report card.,Jennifer,Bronx,Private room,28.0,5,196,0.02,273,40.5798,-74.0008
141,Nearly have claim.,Wayne,Manhattan,Private room,67.0,30,271,0.95,346,40.5016,-73.8566
142,Particularly across bag food.,Randy,Brooklyn,Shared room,107.0,3,159,0.64,196,40.7013,-74.0276
143,Republican many affect century.,Lisa,Manhattan,Entire home/apt,140.0,3,148,2.28,266,40.7385,-74.0149
144,Side position follow interest despite.,William,Brooklyn,Private room,20.0,5,183,3.75,84,40.8792,-73.7827
145,Crime window up.,Tracy,Bronx,Entire home/apt,140.0,2,114,3.64,67,40.5845,-74.1412
146,Pick act great.,Ashley,Staten Island,Entire home/apt,139.0,1,187,3.56,19,40.6501,-73.8939
147,Maybe nearly apply buy.,William,Staten Island,Shared room,10.0,1,304,4.97,338,40.5432,-73.8156
148,Heavy size front meeting.,Christopher,Manhattan,Shared room,38.0,1,213,2.22,63,40.7189,-73.9602
149,Both idea energy ago.,Patrick,Brooklyn,Entire home/apt,141.0,14,351,3.15,154,40.6683,-74.1096
150,Person take can.,Joseph,Staten Island,Private room,108.0,7,310,3.5,214,40.8323,-74.108
151,Much effort wife season.,Sheena,Staten Island,Entire home/apt,224.0,3,58,3.92,254,40.5795,-74.0701
152,Age body.,Ashley,Queens,Shared room,85.0,2,183,3.52,151,40.5641,-73.9307
153,Among window.,Alexander,Brooklyn,Shared room,29.0,5,169,1.17,6,40.7687,-73.7872
154,Phone western claim newspaper.,Alex,Staten Island,Shared room,10.0,5,76,4.75,261,40.53,-73.8606
155,Suffer another her policy.,Kevin,Queens,Shared room,143.0,2,233,4.94,151,40.6057,-74.13
156,Entire throw discussion.,Scott,Brooklyn,Entire home/apt,152.0,30,148,1.8,346,40.6251,-73.8546
157,Buy old language star.,Sean,Manhattan,Entire home/apt,151.0,1,70,3.32,87,40.6315,-73.7922
158,Our several.,Elizabeth,Staten Island,Private room,79.0,14,47,1.86,175,40.5731,-73.9897
159,Analysis book.,Theresa,Bronx,Private room,88.0,30,197,3.45,244,40.82,-73.8905
160,Standard place though idea benefit.,Rachel,Brooklyn,Entire home/apt,144.0,2,356,3.63,81,40.5415,-73.7855
161,Industry listen myself.,Tyler,Bronx,Shared room,17.0,14,224,0.91,194,40.8117,-73.9055
162,Play part pass on smile.,Terri,Brooklyn,Private room,58.0,5,57,4.44,225,40.5184,-74.0454
163,For yard return area.,Joshua,Queens,Entire home/apt,149.0,14,347,2.62,295,40.7895,-74.0604
164,Buy audience board art.,Hayley,Queens,Shared room,18.0,7,352,3.5,48,40.6731,-73.8593
165,Law wall anything.,Amanda,Bronx,Private room,51.0,14,346,3.21,76,40.8356,-73.9267
166,Mrs rock common require pretty.,Lucas,Staten Island,Entire home/apt,154.0,1,329,4.67,258,40.8395,-73.8093
167,Senior fund task.,Tyler,Brooklyn,Entire home/apt,140.0,30,251,1.6,169,40.8881,-74.1299
168,Picture easy require company.,Joshua,Brooklyn,Shared room,100.0,14,193,2.02,120,40.5315,-73.9723
169,Something human pattern.,Christopher,Staten Island,Private room,10.0,1,255,2.24,60,40.8923,-73.8519
170,Blood color red.,Cassidy,Manhattan,Entire home/apt,194.0,5,211,0.18,281,40.5001,-74.1136
171,Form agree per.,Nicole,Staten Island,Shared room,90.0,14,155,4.45,287,40.5827,-73.8814
172,Third law full.,Craig,Queens,Private room,10.0,30,27,4.08,232,40.6328,-73.843
173,Certainly accept fight just.,Adam,Staten Island,Private room,66.0,14,336,1.82,231,40.5456,-73.8463
174,Four argue attack lead let.,Warren,Brooklyn,Entire home/apt,135.0,3,181,4.15,149,40.7191,-74.0004
175,Would treatment.,Mandy,Manhattan,Entire home/apt,94.0,2,252,0.7,209,40.5428,-73.9057
176,Focus process require theory positive.,Annette,Brooklyn,Entire home/apt,119.0,30,201,1.08,97,40.7867,-74.1069
177,Material nature center.,Amber,Bronx,Entire home/apt,106.0,14,344,2.94,230,40.683,-73.9143
178,Affect discuss discussion natural.,Kylie,Staten Island,Entire home/apt,220.0,5,2,2.65,24,40.7213,-73.9769
179,Positive happy Republican finish.,Scott,Staten Island,Private room,117.0,7,399,4.61,90,40.7767,-74.0805
180,Picture operation medical reflect forget.,Michael,Brooklyn,Entire home/apt,201.0,5,336,3.0,164,40.7016,-73.9961
181,Contain main black training.,Tammy,Staten Island,Shared room,69.0,30,127,1.37,175,40.8882,-73.9689
182,Strong act capital event.,Edward,Brooklyn,Entire home/apt,105.0,5,308,3.5,262,40.6196,-73.8694
183,Ago process.,Carl,Queens,Shared room,19.0,14,283,3.16,102,40.5839,-73.8642
184,Practice science fund ago.,Richard,Queens,Shared room,60.0,2,363,3.25,91,40.7016,-73.8723
185,Former focus work card media.,Shannon,Queens,Shared room,10.0,1,389,1.76,245,40.7331,-73.7729
186,Picture already.,Phillip,Bronx,Shared room,69.0,14,273,1.43,216,40.8233,-73.9409
187,Several president lawyer concern full.,Scott,Manhattan,Private room,70.0,2,27,3.35,102,40.6068,-73.8358
188,Father outside third.,Marissa,Queens,Shared room,25.0,3,74,4.2,353,40.8137,-74.0684
189,Direction change feel either.,Kathy,Staten Island,Entire home/apt,178.0,3,231,0.51,345,40.7958,-73.8041
190,Beautiful marriage manage.,Deanna,Staten Island,Private room,98.0,2,261,3.92,356,40.6151,-73.8842
191,More hard card main after.,Paula,Bronx,Private room,66.0,5,350,1.56,282,40.5215,-73.8525
192,Military kid across.,Nancy,Brooklyn,Shared room,86.0,30,399,4.3,226,40.832,-73.7854
193,Away consider.,Paula,Queens,Shared room,10.0,7,378,3.02,99,40.6177,-74.079
194,Key return break.,Jacob,Manhattan,Entire home/apt,175.0,2,376,2.57,193,40.5163,-74.0384
195,Whom simply production else.,Brandon,Queens,Entire home/apt,174.0,2,299,4.23,2,40.6322,-73.8661
196,Item challenge range.,Paula,Brooklyn,Entire home/apt,138.0,2,165,2.98,320,40.7462,-73.8852
197,Middle evidence above tough.,Stacy,Bronx,Shared room,53.0,7,183,0.36,362,40.6271,-74.062
198,Middle than most recent it.,Allen,Brooklyn,Shared room,10.0,1,258,0.8,278,40.7148,-74.1132
199,Beautiful first ground Mrs.,Carl,Brooklyn,Entire home/apt,187.0,14,169,1.66,150,40.5874,-73.8489
200,Apply that three product.,Matthew,Staten Island,Private room,73.0,7,385,4.91,4,40.5459,-74.0116
201,These parent want why.,Brandy,Brooklyn,Shared room,19.0,7,318,1.22,20,40.773,-74.0216
202,Be live consider.,Melissa,Manhattan,Private room,122.0,3,276,3.62,12,40.8645,-73.8212
203,Less not fish agreement.,Christina,Queens,Shared room,12.0,30,260,2.23,22,40.6186,-73.8894
204,Group me how message near.,Ashley,Queens,Shared room,10.0,1,49,0.84,275,40.7133,-73.8992
205,Entire statement dark center.,Jerry,Brooklyn,Shared room,10.0,14,396,1.07,350,40.6697,-74.1084
206,Baby hope reach.,Karen,Staten Island,Shared room,64.0,14,396,2.18,36,40.7988,-74.0885
207,Measure image social enjoy collection.,Lisa,Bronx,Shared room,10.0,3,19,0.44,27,40.5712,-74.0492
208,Who side important.,Bryce,Manhattan,Shared room,110.0,30,116,4.55,208,40.6552,-73.8979
209,Decade present phone machine.,Nathan,Bronx,Private room,10.0,1,199,3.37,273,40.5024,-73.8619
210,What process adult.,Michael,Manhattan,Shared room,108.0,7,23,3.5,37,40.6431,-73.9489
211,Sit our.,John,Queens,Shared room,48.0,3,310,0.43,224,40.6526,-73.8212
212,Senior provide drive head.,Sharon,Manhattan,Private room,76.0,2,273,1.1,200,40.8187,-73.8102
213,I reduce seek Mr consider.,Bailey,Queens,Shared room,18.0,2,152,3.39,331,40.6493,-73.7702
214,Phone thought figure.,Stephanie,Staten Island,Shared room,56.0,2,63,0.21,293,40.7387,-73.9351
215,Through will.,Anthony,Manhattan,Private room,78.0,2,383,3.71,176,40.5847,-73.7877
216,Continue remain billion security report.,Jennifer,Staten Island,Entire home/apt,194.0,2,94,1.1,129,40.5777,-74.0775
217,Anyone life office million.,Heather,Staten Island,Entire home/apt,155.0,30,384,4.66,281,40.6845,-73.9301
218,Threat she.,Mark,Queens,Shared room,46.0,1,128,0.49,297,40.6949,-74.0177
219,Crime understand up character.,Rebecca,Brooklyn,Shared room,25.0,14,120,0.5,317,40.5279,-74.0726
220,Always community thus necessary.,Peter,Bronx,Private room,78.0,3,315,3.3,355,40.7337,-73.9238
221,Then age.,Tonya,Queens,Private room,92.0,5,86,0.02,126,40.8143,-73.8651
222,Player one team.,Kristin,Bronx,Private room,12.0,30,184,0.67,169,40.8512,-73.9649
223,Billion report despite three grow.,Tammy,Queens,Private room,26.0,5,282,0.54,330,40.7427,-73.8133
224,Others professional discuss feel magazine.,Daniel,Brooklyn,Shared room,70.0,2,134,3.67,320,40.5306,-74.1198
225,Mr situation hold identify step.,Brian,Manhattan,Shared room,47.0,14,15,4.06,296,40.6621,-73.914
226,Property pay child.,Jessica,Manhattan,Shared room,33.0,3,278,4.47,276,40.6888,-73.8399
227,These during media.,Patricia,Queens,Private room,81.0,2,395,2.95,148,40.5536,-73.9496
228,Fight response benefit.,Nicholas,Manhattan,Private room,94.0,3,257,0.05,122,40.8392,-73.8274
229,Attorney school game community.,Tina,Staten Island,Shared room,18.0,2,387,2.57,228,40.5637,-73.9235
230,Especially before probably local.,Steve,Staten Island,Shared room,10.0,30,74,3.68,247,40.8757,-74.1338
231,Reflect community issue professional.,Corey,Bronx,Entire home/apt,158.0,1,135,1.85,21,40.7674,-73.9428
232,Drug speak live near.,Jill,Queens,Private room,41.0,5,232,4.41,20,40.8922,-74.0204
233,Important management short professional thousand.,Jeremy,Staten Island,Shared room,56.0,30,140,4.17,134,40.7315,-73.9219
234,Program series.,Max,Bronx,Shared room,10.0,5,187,2.94,39,40.7067,-73.9995
235,Student believe alone.,Robin,Brooklyn,Shared room,81.0,5,180,4.09,176,40.6947,-73.9572
236,Congress sing note partner.,Joseph,Staten Island,Entire home/apt,169.0,7,71,2.2,117,40.5308,-73.8926
237,Strategy subject brother sense because.,Taylor,Brooklyn,Entire home/apt,160.0,2,80,1.81,60,40.7644,-73.9842
238,Yeah list as compare.,Joseph,Queens,Shared room,79.0,1,246,3.38,245,40.5843,-74.0855
239,Push finish always.,Debbie,Bronx,Entire home/apt,217.0,2,22,0.64,303,40.5645,-73.8982
240,Rich people never.,Joshua,Manhattan,Shared room,81.0,2,28,0.83,92,40.7067,-73.9878
241,Take instead exactly market.,John,Staten Island,Shared room,10.0,1,368,3.64,145,40.8789,-74.0634
242,Seem wall blue continue.,Debbie,Staten Island,Private room,29.0,30,246,0.85,210,40.7403,-73.8322
243,Keep state remain leader.,Alejandro,Brooklyn,Shared room,15.0,14,261,1.32,351,40.6371,-73.9686
244,Real opportunity head color.,Ronald,Staten Island,Entire home/apt,151.0,2,193,1.93,55,40.5066,-73.9409
245,Give political pay under.,Brandi,Staten Island,Shared room,61.0,5,76,3.03,90,40.6903,-73.9041
246,Pretty class doctor each.,Cassandra,Manhattan,Shared room,11.0,7,385,0.59,246,40.7638,-73.7892
247,Dark decide cell figure about.,Cristian,Staten Island,Entire home/apt,157.0,30,347,3.25,267,40.6683,-73.8001
248,Serve nearly test Mr practice.,Amanda,Staten Island,Private room,50.0,2,246,3.95,195,40.6402,-73.8282
249,Institution add season author.,Crystal,Staten Island,Entire home/apt,126.0,5,68,1.27,119,40.864,-74.1165
250,Role so woman seven which.,Brett,Staten Island,Shared room,10.0,5,131,0.95,363,40.7975,-74.1472
251,Character agree price huge.,Sierra,Staten Island,Entire home/apt,113.0,7,3,1.88,105,40.7751,-74.0236
252,Nation simple individual their quickly.,Kaitlyn,Queens,Entire home/apt,96.0,2,218,3.26,129,40.6045,-73.9356
253,Become contain visit.,Jacob,Staten Island,Private room,41.0,7,141,4.96,203,40.802,-73.9847
254,Design design lot physical hit.,Brett,Staten Island,Private room,122.0,2,189,2.8,247,40.6015,-74.0273
255,Yes as participant magazine.,Jody,Queens,Shared room,10.0,5,376,0.69,337,40.5476,-74.0581
256,Without popular.,Corey,Brooklyn,Entire home/apt,255.0,2,260,2.0,173,40.8203,-73.9044
257,Wife environmental.,Stephen,Manhattan,Entire home/apt,170.0,5,325,0.03,46,40.8293,-73.9613
258,Former chance.,Joseph,Staten Island,Private room,87.0,1,32,1.32,189,40.532,-74.1349
259,Summer medical.,Rachel,Bronx,Private room,46.0,7,335,2.61,364,40.8854,-74.127
260,Through institution standard conference.,Holly,Brooklyn,Shared room,68.0,5,224,0.05,336,40.8723,-73.9427
261,Hit movement billion.,Julie,Brooklyn,Entire home/apt,127.0,30,306,2.55,357,40.5927,-74.0822
262,Day market.,Robin,Manhattan,Private room,85.0,2,335,0.0,80,40.5347,-74.0396
263,Politics story star hotel direction.,William,Bronx,Private room,182.0,14,202,2.03,102,40.7071,-73.8552
264,Build once create.,Richard,Manhattan,Entire home/apt,146.0,7,145,3.63,286,40.866,-74.0108
265,Knowledge such eye law.,Derrick,Queens,Entire home/apt,196.0,7,99,2.27,206,40.73,-74.0456
266,Evening personal smile.,William,Bronx,Shared room,12.0,1,286,0.36,150,40.636,-74.1032
267,Consider one our small true.,David,Staten Island,Private room,79.0,7,294,1.25,226,40.8864,-73.9247
268,Final here five.,Erica,Brooklyn,Private room,151.0,30,234,3.41,300,40.8448,-73.9572
269,Society especially head opportunity.,Amy,Queens,Entire home/apt,125.0,5,324,3.94,112,40.7708,-74.058
270,General half serious run contain.,Melissa,Queens,Private room,152.0,3,264,2.68,358,40.8329,-74.0507
271,Federal even baby true.,Renee,Manhattan,Private room,108.0,14,383,4.11,38,40.7218,-74.0786
272,Wide open.,Michael,Queens,Private room,58.0,2,293,1.35,349,40.8721,-74.0739
273,If investment ten.,Greg,Brooklyn,Entire home/apt,175.0,14,123,4.36,105,40.5917,-73.816
274,To cut face marriage something.,Carolyn,Staten Island,Private room,119.0,2,398,0.53,40,40.7703,-73.8846
275,Simple avoid order federal.,Jennifer,Staten Island,Entire home/apt,175.0,30,277,4.79,246,40.6485,-74.0238
276,Candidate minute west.,Melinda,Staten Island,Private room,17.0,5,93,4.92,261,40.6121,-74.0612
277,Detail share current stop whose.,Ricky,Staten Island,Entire home/apt,121.0,1,269,4.0,244,40.8759,-74.137
278,New begin protect we.,Ruben,Queens,Private room,70.0,30,351,3.88,234,40.8906,-73.8707
279,Its realize middle over.,Bryan,Bronx,Private room,77.0,14,4,0.06,107,40.6518,-74.1097
280,Knowledge cut laugh charge.,Patrick,Queens,Shared room,65.0,30,132,0.94,134,40.5949,-73.9615
281,Focus difference you.,Marco,Staten Island,Private room,87.0,3,94,2.49,107,40.6676,-73.8491
282,Tax I record guess.,Ronald,Queens,Private room,27.0,3,230,0.9,67,40.8917,-73.8756
283,Language soldier economy feel.,Mark,Manhattan,Shared room,55.0,3,120,2.78,195,40.5784,-73.83
284,Cultural fear ability citizen.,Nicholas,Brooklyn,Private room,104.0,30,4,0.88,255,40.5538,-73.7927
285,Whose upon alone.,Dylan,Staten Island,Shared room,62.0,14,161,3.93,153,40.6004,-73.8066
286,High tell news party.,Jamie,Manhattan,Private room,123.0,1,353,0.82,110,40.8255,-73.9594
287,Upon region.,Jill,Manhattan,Private room,113.0,14,171,1.3,184,40.7241,-73.7773
288,Since set member third.,Lacey,Queens,Private room,98.0,1,210,0.61,347,40.8852,-74.0704
289,Produce catch might laugh start.,Lisa,Staten Island,Shared room,37.0,14,275,0.87,145,40.642,-73.8807
290,Decade relationship experience building.,Christina,Bronx,Shared room,10.0,5,40,1.91,146,40.6855,-73.7674
291,Size section bank only.,David,Brooklyn,Shared room,57.0,30,172,2.11,313,40.7287,-73.8104
292,Ok relationship.,Anthony,Manhattan,Entire home/apt,158.0,2,175,1.14,162,40.7612,-73.8658
293,Series step skin.,Amanda,Staten Island,Shared room,51.0,5,138,4.44,185,40.7992,-73.9416
294,Stand fish reality position.,Kevin,Bronx,Private room,29.0,2,94,4.27,64,40.7911,-73.8852
295,They though far book.,Jennifer,Manhattan,Entire home/apt,107.0,2,203,0.52,32,40.8747,-73.9607
296,Baby effect stand.,Timothy,Manhattan,Entire home/apt,192.0,30,203,2.62,42,40.5416,-73.9028
297,Guess now.,Jennifer,Manhattan,Shared room,38.0,5,158,1.15,145,40.6773,-74.0994
298,Purpose trial particularly write possible.,Katherine,Staten Island,Entire home/apt,177.0,1,17,3.32,166,40.8457,-73.9631
299,Draw way attorney career idea.,Holly,Staten Island,Private room,81.0,7,227,0.68,357,40.7157,-73.9137
300,Before result condition pattern particular.,Alison,Bronx,Shared room,41.0,14,325,4.39,222,40.7094,-73.8942
301,Woman discussion western accept law.,Amanda,Queens,Private room,118.0,5,276,1.14,45,40.6767,-74.0037
302,Laugh space policy.,Tanner,Queens,Entire home/apt,129.0,3,5,0.0,69,40.6376,-73.9623
303,Ground suggest on.,Zoe,Manhattan,Shared room,44.0,5,386,2.39,4,40.8063,-73.8308
304,Indeed hold.,George,Staten Island,Entire home/apt,132.0,30,3,2.74,96,40.6647,-73.9258
305,Strategy his figure draw tree.,David,Bronx,Entire home/apt,133.0,2,366,3.69,199,40.8314,-74.0618
306,Stop also.,Laura,Manhattan,Private room,68.0,14,122,2.58,313,40.823,-73.8761
307,Speak war popular else.,Kimberly,Queens,Shared room,49.0,14,272,4.04,211,40.5752,-74.1226
308,Require economic single trip list.,Douglas,Brooklyn,Private room,61.0,1,326,2.28,231,40.6089,-73.9009
309,Rise throw government born.,Sarah,Brooklyn,Private room,130.0,1,77,0.25,273,40.5089,-73.7611
310,Happen local.,Michael,Queens,Private room,44.0,2,366,2.19,4,40.5931,-74.0897
311,Record institution.,Amanda,Bronx,Entire home/apt,143.0,3,215,1.56,255,40.8992,-73.9645
312,Street impact usually message son.,Erika,Manhattan,Private room,62.0,1,384,4.76,28,40.6066,-73.993
313,Wide case realize.,Andrea,Staten Island,Private room,138.0,2,98,4.48,128,40.8269,-73.8187
314,Other treatment.,Anthony,Manhattan,Shared room,48.0,2,197,3.86,226,40.5989,-73.7522
315,Professor approach.,Ryan,Brooklyn,Private room,121.0,14,394,0.47,340,40.8928,-73.9609
316,Citizen against.,Angie,Queens,Private room,21.0,2,322,3.64,281,40.7084,-74.0487
317,Sort record improve.,Erin,Queens,Entire home/apt,161.0,3,26,4.32,111,40.8893,-74.0556
318,Candidate for assume near.,Cody,Bronx,Private room,116.0,1,85,3.97,299,40.5479,-73.8343
319,Offer usually adult society.,James,Manhattan,Entire home/apt,153.0,7,353,2.38,305,40.562,-73.8417
320,Employee despite.,Jessica,Brooklyn,Entire home/apt,193.0,5,46,3.43,173,40.8723,-73.7512
321,Trip change.,Matthew,Manhattan,Entire home/apt,129.0,3,330,0.77,274,40.8166,-74.0997
322,General now mention finally.,Cody,Brooklyn,Private room,136.0,7,330,3.78,224,40.7933,-74.1415
323,Know result Mr.,Erin,Bronx,Private room,172.0,14,68,1.25,20,40.6941,-73.975
324,Job person medical kind.,Sharon,Queens,Shared room,25.0,14,250,0.95,95,40.7174,-74.0205
325,Him future.,Dennis,Bronx,Private room,62.0,30,306,4.57,283,40.5641,-73.9375
326,Network whether stop fear.,Taylor,Bronx,Private room,138.0,30,134,2.71,232,40.5003,-73.8948
327,During reflect job.,Lisa,Bronx,Shared room,103.0,2,9,3.1,186,40.8104,-74.0545
328,Card can ago.,Tammie,Manhattan,Shared room,19.0,7,198,0.95,349,40.699,-73.9294
329,Approach as avoid lead.,Mary,Staten Island,Private room,63.0,3,209,3.2,56,40.5385,-73.8864
330,Against chair win quality particular.,Kevin,Manhattan,Entire home/apt,139.0,2,16,1.01,248,40.5766,-74.1373
331,Result it.,Allison,Bronx,Shared room,10.0,5,269,3.12,302,40.6024,-74.0035
332,One north where.,Erika,Staten Island,Shared room,10.0,1,6,4.65,106,40.7623,-73.7786
333,Region carry staff.,James,Manhattan,Private room,40.0,30,327,0.3,285,40.7974,-73.7938
334,Physical which industry public.,Kevin,Queens,Shared room,10.0,1,315,1.33,20,40.7937,-73.8162
335,Nothing contain station.,Nicole,Manhattan,Entire home/apt,149.0,7,49,0.51,118,40.7127,-74.0742
336,Free response sound join.,Destiny,Staten Island,Shared room,49.0,2,291,3.13,91,40.7234,-73.9267
337,Force hair parent memory.,Caitlyn,Manhattan,Shared room,102.0,7,183,3.37,359,40.7661,-73.7969
338,Population plant factor surface quite.,Joseph,Brooklyn,Entire home/apt,110.0,7,205,2.52,336,40.5633,-73.7506
339,Whose worker child.,Jeffery,Bronx,Private room,119.0,3,281,4.96,166,40.8379,-73.9851
340,Hour art now.,Jessica,Bronx,Shared room,31.0,3,311,1.2,279,40.5856,-73.8437
341,Use table method office first.,Robert,Queens,Private room,78.0,5,229,4.8,0,40.7905,-73.7568
342,Their sign expert hand.,Cathy,Staten Island,Entire home/apt,177.0,7,69,4.97,154,40.5026,-73.7562
343,Second by heart including.,Melissa,Brooklyn,Private room,35.0,1,395,4.11,353,40.8289,-73.7824
344,Yes talk kitchen accept.,Rose,Staten Island,Shared room,55.0,7,292,0.77,19,40.6841,-74.0876
345,Fast others.,Matthew,Queens,Private room,87.0,7,127,1.16,153,40.5368,-73.9901
346,Wonder art clearly see.,Megan,Brooklyn,Shared room,60.0,1,370,1.62,247,40.5692,-73.8197
347,Really spring.,Kimberly,Staten Island,Entire home/apt,162.0,7,328,1.5,295,40.6526,-73.838
348,Seven through wait return let.,Kristen,Queens,Private room,178.0,30,222,2.08,61,40.8479,-74.0593
349,Enter quality phone.,Dakota,Staten Island,Entire home/apt,124.0,14,398,3.16,27,40.6219,-74.1335
350,Air alone.,Paul,Staten Island,Shared room,19.0,2,167,2.51,113,40.5613,-73.8805
351,News truth.,Nicholas,Bronx,Private room,55.0,30,304,2.88,46,40.5888,-74.0341
352,Free her seat instead rock.,Darius,Bronx,Entire home/apt,128.0,2,172,0.41,292,40.7981,-73.9307
353,Administration source Democrat.,Julie,Queens,Entire home/apt,125.0,5,256,2.17,357,40.5522,-74.0961
354,Important force enter past.,Tammy,Staten Island,Entire home/apt,198.0,5,202,3.26,100,40.7245,-73.7512
355,Ago ahead grow may.,Allen,Staten Island,Entire home/apt,207.0,2,36,1.33,220,40.6294,-73.7803
356,Role present hard take.,Nancy,Manhattan,Entire home/apt,127.0,14,211,2.12,178,40.5762,-74.0122
357,Size prepare remain work.,Kenneth,Manhattan,Private room,47.0,2,179,3.08,226,40.7493,-73.9738
358,Reach position cause lead.,Laura,Brooklyn,Entire home/apt,169.0,14,191,0.78,43,40.5449,-74.1282
359,Establish TV recently.,Evelyn,Staten Island,Entire home/apt,128.0,30,147,0.07,355,40.8217,-74.028
360,Almost deal specific.,Chad,Bronx,Entire home/apt,175.0,3,107,3.7,108,40.5815,-73.9407
361,Build room walk base.,Brandy,Queens,Shared room,48.0,5,318,3.65,72,40.778,-73.8827
362,Onto research.,Oscar,Bronx,Shared room,10.0,14,269,0.22,87,40.524,-74.0697
363,Official push.,Kristin,Staten Island,Private room,142.0,1,238,3.27,4,40.5266,-73.8859
364,Including have author loss we.,Cameron,Queens,Entire home/apt,222.0,1,149,4.34,332,40.6546,-73.7581
365,Fund ago.,David,Staten Island,Shared room,15.0,1,161,2.42,305,40.7126,-74.0754
366,Painting goal white less.,Alejandra,Staten Island,Private room,64.0,7,364,0.11,126,40.8689,-74.028
367,Condition fly better.,Linda,Bronx,Private room,91.0,14,80,0.09,350,40.6408,-73.8999
368,Resource too.,Ian,Brooklyn,Shared room,53.0,3,31,3.13,198,40.8562,-73.8241
369,Notice they book official TV.,Emily,Manhattan,Shared room,66.0,3,115,0.76,201,40.7628,-74.1149
370,Including heart same.,Eric,Bronx,Shared room,120.0,14,313,4.36,351,40.591,-74.0539
371,Wear final.,Jennifer,Brooklyn,Private room,73.0,3,309,1.65,277,40.5527,-73.889
372,News knowledge before whether many.,Jeffrey,Staten Island,Shared room,10.0,14,103,4.31,158,40.7754,-73.7905
373,Other have hospital.,Christine,Brooklyn,Private room,25.0,30,74,3.28,289,40.8668,-74.023
374,Modern pick time challenge.,Cheyenne,Staten Island,Shared room,11.0,14,60,0.92,74,40.7908,-73.8438
375,Yeah these although water.,Danielle,Bronx,Private room,79.0,3,226,3.73,326,40.8733,-74.0405
376,Prepare nearly boy area.,Elizabeth,Brooklyn,Entire home/apt,222.0,2,94,0.13,313,40.7468,-73.9078
377,Another beyond brother mission.,Nancy,Staten Island,Entire home/apt,129.0,7,118,1.15,13,40.6437,-73.8747
378,Film part card claim push.,Larry,Bronx,Entire home/apt,159.0,7,309,2.34,332,40.6496,-73.8091
379,Store teach down necessary day.,Carmen,Bronx,Private room,79.0,2,83,0.97,16,40.6634,-73.7625
380,Trip doctor rate.,Caleb,Queens,Private room,128.0,2,380,3.36,103,40.8031,-74.1235
381,Machine office item computer.,Marissa,Bronx,Shared room,141.0,5,352,1.62,234,40.855,-73.979
382,Can glass.,Gerald,Manhattan,Shared room,19.0,14,194,3.6,201,40.7446,-73.853
383,Likely audience century hold hot.,Laura,Staten Island,Shared room,20.0,7,328,4.38,19,40.7083,-73.9694
384,Executive statement word.,Stephanie,Manhattan,Entire home/apt,192.0,7,275,1.98,20,40.7231,-73.9435
385,Maybe his eye certain reflect.,Jennifer,Manhattan,Entire home/apt,177.0,3,225,1.99,155,40.8095,-74.0356
386,Knowledge well discussion though.,Joshua,Brooklyn,Private room,154.0,3,313,4.6,353,40.7068,-74.0931
387,Part market money level always.,Ann,Bronx,Entire home/apt,173.0,14,256,0.57,299,40.8751,-73.8716
388,Instead operation everything.,Brandon,Brooklyn,Private room,66.0,5,165,2.25,91,40.6815,-73.7914
389,Pass machine say bad.,Christine,Brooklyn,Private room,104.0,1,128,1.62,332,40.8629,-73.8314
390,Everything thing option wish.,Jake,Manhattan,Entire home/apt,194.0,1,361,2.25,185,40.5341,-73.8671
391,Thank natural try teacher financial.,David,Staten Island,Shared room,73.0,2,193,2.75,22,40.8073,-73.7851
392,Street worry that with.,Kristin,Staten Island,Shared room,60.0,30,76,0.81,74,40.5715,-73.8652
393,Officer stock player.,Danny,Bronx,Private room,123.0,3,373,3.84,228,40.6155,-74.0777
394,Three space style.,David,Brooklyn,Entire home/apt,197.0,1,318,3.83,6,40.6835,-73.8078
395,Everybody inside.,Bradley,Staten Island,Entire home/apt,205.0,7,252,1.19,301,40.7638,-73.9685
396,Continue price thus although.,Linda,Bronx,Entire home/apt,176.0,7,307,0.03,280,40.6112,-73.8985
397,Table beyond leave instead.,Benjamin,Brooklyn,Entire home/apt,143.0,2,75,0.28,178,40.5147,-73.8085
398,Course their themselves.,Danielle,Staten Island,Shared room,46.0,3,169,4.6,25,40.5436,-73.7525
399,Involve board sometimes.,Gerald,Brooklyn,Shared room,88.0,3,312,3.3,358,40.738,-73.8351
400,Leader either party identify.,Claire,Brooklyn,Private room,47.0,14,296,1.8,18,40.5373,-74.0303
401,Fight marriage official carry per.,Kim,Queens,Private room,95.0,30,34,3.79,281,40.526,-73.9617
402,Require approach cut technology.,Joshua,Manhattan,Shared room,24.0,30,140,1.65,211,40.7099,-73.8717
403,Medical others special.,Elizabeth,Staten Island,Entire home/apt,151.0,1,292,3.65,322,40.7116,-74.1149
404,Day agency themselves star.,Mark,Staten Island,Shared room,91.0,3,218,3.04,162,40.6039,-73.9199
405,Traditional service.,Margaret,Staten Island,Private room,88.0,2,314,2.81,266,40.7917,-73.9509
406,Civil stand large no.,Maxwell,Brooklyn,Shared room,42.0,2,362,1.45,99,40.5006,-74.1404
407,Lawyer push letter.,Victoria,Manhattan,Shared room,10.0,30,106,4.0,212,40.6656,-74.0165
408,Account cultural.,Gary,Staten Island,Shared room,70.0,2,5,3.2,353,40.6127,-73.8339
409,Agent religious sometimes.,Charles,Queens,Private room,106.0,7,281,1.62,3,40.5455,-74.0167
410,Hear offer news bring.,Sue,Bronx,Shared room,127.0,7,315,4.8,89,40.5776,-73.8165
411,Media travel but popular middle.,Raymond,Bronx,Private room,68.0,30,18,3.23,246,40.5622,-73.9658
412,Operation finish situation.,Clifford,Staten Island,Private room,89.0,5,211,4.64,28,40.834,-74.0303
413,Where find.,Tiffany,Queens,Shared room,50.0,7,9,1.04,350,40.6327,-73.7835
414,Perhaps whom according bring.,Susan,Queens,Entire home/apt,213.0,2,143,4.2,173,40.8934,-73.8994
415,The goal say international hair.,Adam,Brooklyn,Shared room,36.0,7,199,0.94,59,40.8458,-73.8494
416,The home front after.,Christopher,Queens,Shared room,51.0,1,139,2.07,254,40.8508,-74.0014
417,Control yourself fast.,Marc,Queens,Entire home/apt,174.0,7,154,0.88,191,40.814,-73.8389
418,Arm stay late.,Donald,Manhattan,Private room,87.0,7,12,4.0,256,40.5616,-74.014
419,Catch star light economic.,Kelli,Bronx,Shared room,22.0,30,268,1.55,167,40.5573,-73.8013
420,Billion play many there.,Tina,Staten Island,Shared room,48.0,2,105,3.62,235,40.655,-73.8041
421,Late of increase miss.,Deborah,Manhattan,Entire home/apt,193.0,3,22,3.44,304,40.8488,-74.0167
422,Certain herself though together.,Richard,Manhattan,Entire home/apt,109.0,7,392,3.29,159,40.509,-73.8466
423,Phone industry wait great.,George,Brooklyn,Private room,85.0,2,98,1.43,272,40.6277,-73.9736
424,Sit police financial dinner sometimes.,Calvin,Manhattan,Private room,52.0,2,80,1.37,7,40.8833,-73.9261
425,Conference our material cultural participant.,Thomas,Manhattan,Entire home/apt,198.0,7,179,2.75,138,40.5566,-73.8683
426,Style first summer along.,Catherine,Queens,Shared room,10.0,2,87,0.36,313,40.8569,-73.9338
427,Fine weight something.,Karen,Manhattan,Entire home/apt,128.0,1,241,4.52,25,40.5424,-74.1285
428,Way great dinner hit.,Lisa,Bronx,Private room,95.0,2,360,2.98,303,40.7518,-73.874
429,Contain impact return themselves human.,Jonathan,Bronx,Shared room,103.0,3,159,1.66,101,40.7852,-73.8817
430,Until executive ability task.,Jessica,Staten Island,Entire home/apt,147.0,30,391,2.33,67,40.5372,-73.8291
431,Listen science scientist catch early.,Jessica,Bronx,Entire home/apt,128.0,5,158,3.42,363,40.8066,-73.9618
432,Save finish.,Hannah,Brooklyn,Entire home/apt,225.0,30,315,1.29,186,40.6568,-73.8702
433,Might pass lawyer.,Karen,Queens,Private room,22.0,5,249,0.15,243,40.5452,-73.9585
434,Door gas smile deep.,Julie,Brooklyn,Private room,10.0,30,178,3.02,65,40.7032,-73.9877
435,Media certain.,Lisa,Manhattan,Private room,98.0,7,332,0.35,154,40.7131,-73.9897
436,North citizen check.,Amanda,Bronx,Entire home/apt,130.0,7,124,2.74,246,40.6535,-74.0137
437,Nice first big add skin.,Emily,Staten Island,Private room,39.0,30,222,2.84,175,40.7178,-74.0555
438,Reflect or president those.,Cameron,Manhattan,Shared room,68.0,14,293,4.18,58,40.7369,-73.9648
439,Day meet on from who.,Diamond,Staten Island,Entire home/apt,160.0,30,227,0.88,207,40.5278,-74.1065
440,Strong skin third.,Eugene,Staten Island,Private room,57.0,3,253,3.22,31,40.5362,-73.8232
441,Traditional institution affect watch heavy.,Kathy,Staten Island,Shared room,10.0,30,0,3.79,338,40.5597,-73.9375
442,World employee dark.,Bobby,Bronx,Shared room,75.0,7,228,0.98,348,40.851,-74.0301
443,Individual concern today.,Rebecca,Queens,Private room,106.0,14,176,4.95,298,40.5032,-73.7554
444,News yourself interview Mr.,Matthew,Bronx,Entire home/apt,146.0,30,150,0.31,281,40.8872,-74.1497
445,Red whatever here responsibility.,Tammy,Staten Island,Private room,154.0,1,144,4.33,120,40.6727,-73.9139
446,Begin effect economy girl get.,Monique,Queens,Shared room,10.0,5,207,1.91,279,40.5845,-74.0806
447,Too could difference growth.,Timothy,Brooklyn,Entire home/apt,89.0,7,196,4.22,184,40.836,-74.0883
448,Example fight stop significant.,Christopher,Brooklyn,Entire home/apt,122.0,1,36,3.24,73,40.7885,-73.9553
449,Color discuss person analysis hit.,Bruce,Bronx,Entire home/apt,148.0,1,70,3.21,212,40.8441,-73.7926
450,Economy question total.,Jennifer,Staten Island,Private room,90.0,7,92,2.27,217,40.7208,-73.97
451,Seem recently between.,Carlos,Queens,Entire home/apt,140.0,2,217,3.02,295,40.6993,-73.8576
452,Reduce opportunity clearly.,Elizabeth,Staten Island,Private room,94.0,5,279,2.88,17,40.8913,-73.9227
453,Marriage difference event around.,Benjamin,Queens,Entire home/apt,100.0,7,246,4.81,40,40.5568,-73.8575
454,Fill purpose.,Margaret,Queens,Private room,138.0,7,40,2.62,312,40.5354,-73.961
455,Set effort own life.,Amanda,Manhattan,Shared room,37.0,14,276,3.99,159,40.7452,-73.7886
456,Amount describe.,Katherine,Staten Island,Entire home/apt,195.0,5,232,2.56,240,40.7296,-74.0174
457,Course whole little.,Samuel,Queens,Private room,94.0,3,85,0.18,305,40.7998,-73.8592
458,Will too economy.,Shane,Staten Island,Private room,98.0,1,322,2.37,86,40.7291,-73.8875
459,Court wind both stop.,Sarah,Queens,Shared room,63.0,7,13,1.43,42,40.5507,-74.1193
460,Writer end certain.,Lauren,Queens,Private room,98.0,2,315,1.4,131,40.5057,-74.1054
461,Career plan enter.,Margaret,Brooklyn,Shared room,66.0,14,77,3.3,189,40.8231,-74.0455
462,Not recognize interesting.,Neil,Brooklyn,Private room,133.0,2,270,4.31,175,40.8936,-73.7631
463,Nice pattern goal prepare economic.,Sarah,Staten Island,Entire home/apt,158.0,30,253,3.76,211,40.8081,-74.0548
464,Ok because themselves one man.,Joshua,Bronx,Shared room,68.0,14,85,1.05,176,40.5217,-74.0442
465,Behavior specific.,Gregory,Manhattan,Entire home/apt,146.0,2,237,1.99,154,40.6905,-73.7707
466,Various phone style fish thousand.,Jenna,Staten Island,Entire home/apt,208.0,5,349,3.53,242,40.6051,-73.9378
467,What for term whom.,Renee,Bronx,Entire home/apt,123.0,3,229,1.91,161,40.8847,-73.8768
468,Toward account eight.,Jeremy,Manhattan,Entire home/apt,222.0,7,326,1.77,221,40.7442,-73.8892
469,Field move claim physical call.,Thomas,Queens,Private room,78.0,3,136,4.01,130,40.7617,-73.9935
470,Yard believe event.,Alyssa,Brooklyn,Shared room,10.0,14,301,3.85,266,40.635,-73.8739
471,Scene usually defense world.,Nathan,Brooklyn,Private room,85.0,7,5,3.36,34,40.5048,-74.1109
472,Idea hundred away.,Dale,Manhattan,Shared room,13.0,5,179,1.1,145,40.6008,-74.1364
473,Both start air.,Carolyn,Staten Island,Entire home/apt,184.0,1,304,3.28,111,40.8802,-73.8948
474,We break.,Catherine,Manhattan,Entire home/apt,124.0,30,309,0.65,336,40.8055,-73.8908
475,Respond quickly.,Alicia,Brooklyn,Entire home/apt,132.0,14,94,1.27,239,40.7642,-74.1197
476,Paper high item security.,Angela,Bronx,Private room,10.0,30,218,3.46,341,40.808,-74.0206
477,Remember together education from several.,Amy,Brooklyn,Entire home/apt,132.0,3,397,0.31,198,40.6331,-74.126
478,Take quite contain.,Johnny,Queens,Entire home/apt,53.0,5,35,2.46,102,40.7441,-74.0786
479,How million yourself while.,Gabrielle,Bronx,Entire home/apt,87.0,2,276,3.84,111,40.7456,-74.1075
480,In leg good.,Marie,Bronx,Shared room,70.0,3,52,0.17,36,40.7285,-74.0498
481,These series return him also.,Matthew,Bronx,Entire home/apt,181.0,5,76,3.26,0,40.8732,-73.8842
482,Institution week individual guy and.,Elijah,Queens,Entire home/apt,167.0,14,168,4.52,294,40.5015,-73.867
483,Course institution vote effort analysis.,Angel,Bronx,Private room,41.0,5,206,4.22,35,40.7161,-74.1487
484,Total own memory.,Karen,Bronx,Entire home/apt,148.0,7,274,4.68,183,40.6334,-74.0289
485,Certainly central may.,Caroline,Manhattan,Shared room,40.0,14,46,1.83,174,40.5322,-73.9661
486,Own for.,Gregory,Queens,Shared room,10.0,2,90,2.77,196,40.7643,-74.0305
487,Name beautiful miss.,Erica,Bronx,Entire home/apt,210.0,14,352,1.8,43,40.8541,-73.9748
488,Month senior section.,Jessica,Brooklyn,Entire home/apt,185.0,1,98,0.13,303,40.5954,-73.9945
489,However deep include budget.,Megan,Staten Island,Shared room,31.0,3,255,2.67,230,40.8866,-74.1434
490,Prove learn another fly.,Robert,Queens,Entire home/apt,151.0,3,369,0.21,60,40.5847,-73.8885
491,Among type.,John,Staten Island,Private room,88.0,14,274,0.74,296,40.5932,-74.1212
492,Movement arm such.,Jill,Brooklyn,Private room,10.0,14,9,2.36,316,40.5183,-73.8695
493,Us control just produce.,Michael,Brooklyn,Entire home/apt,140.0,2,323,0.25,157,40.8283,-74.1111
494,Dark trouble writer listen.,Kaitlyn,Staten Island,Entire home/apt,123.0,30,302,0.32,54,40.5457,-73.912
495,Of foreign.,Meghan,Staten Island,Entire home/apt,110.0,1,103,2.13,347,40.6608,-74.1017
496,Become discover improve.,Michelle,Staten Island,Shared room,29.0,2,164,4.18,109,40.8057,-73.9128
497,Author result.,Anthony,Queens,Entire home/apt,222.0,1,140,0.71,212,40.5672,-74.002
498,Offer view.,Melissa,Brooklyn,Private room,106.0,2,297,0.2,51,40.8164,-73.8971
499,Attack rule war cost.,Megan,Bronx,Entire home/apt,127.0,1,249,0.4,3,40.5718,-74.1143
500,Serious more make take.,Laura,Staten Island,Private room,103.0,5,355,4.04,243,40.7769,-74.0675
501,Can its effect.,John,Queens,Shared room,96.0,5,210,1.2,89,40.7442,-74.135
502,Catch close agreement.,Mary,Brooklyn,Shared room,77.0,5,313,4.75,321,40.8306,-74.0295
503,Car have take.,Isabella,Bronx,Entire home/apt,152.0,7,120,0.96,271,40.8907,-73.9024
504,Wear institution.,John,Staten Island,Shared room,14.0,2,237,3.85,337,40.5832,-74.1288
505,Lawyer few power environmental.,Christopher,Manhattan,Entire home/apt,178.0,14,242,2.49,81,40.7681,-74.1328
506,So exist plan guy.,Amy,Queens,Private room,96.0,2,222,1.26,315,40.8221,-73.8466
507,Treat dream.,Brian,Manhattan,Entire home/apt,186.0,14,26,4.62,90,40.5632,-74.1384
508,Now wrong.,Paula,Staten Island,Entire home/apt,175.0,1,120,3.61,303,40.7319,-73.9824
509,Involve magazine debate local.,Joan,Queens,Entire home/apt,192.0,30,56,1.63,50,40.5948,-73.985
510,Thousand single exist.,Micheal,Brooklyn,Private room,59.0,2,37,2.35,248,40.5217,-73.9757
511,Discuss case whom day them.,Lauren,Brooklyn,Shared room,93.0,5,91,1.94,69,40.6831,-74.0723
512,Summer meet they.,James,Queens,Private room,88.0,2,171,0.64,354,40.7275,-74.0378
513,Knowledge fight state.,Jodi,Manhattan,Private room,163.0,5,214,0.86,175,40.5879,-74.0319
514,Under six necessary least.,Kendra,Brooklyn,Shared room,12.0,7,87,2.89,283,40.842,-74.1154
515,Star trade.,Suzanne,Staten Island,Private room,149.0,30,110,2.96,236,40.6117,-73.858
516,Growth administration consider.,Amber,Brooklyn,Entire home/apt,158.0,3,222,2.9,302,40.8785,-73.7845
517,Machine doctor.,Michael,Manhattan,Private room,54.0,1,20,4.96,258,40.5134,-73.9376
518,Enough action.,Michelle,Bronx,Shared room,21.0,30,50,2.26,123,40.5332,-73.8488
519,Quickly show report hold.,Cynthia,Bronx,Entire home/apt,137.0,2,183,1.48,331,40.8996,-74.1436
520,Necessary international.,Laura,Queens,Entire home/apt,167.0,14,235,4.29,298,40.5098,-73.9681
521,Civil natural find bad.,Andrea,Brooklyn,Shared room,61.0,5,94,3.95,189,40.7507,-73.8684
522,Model case.,Jennifer,Manhattan,Shared room,17.0,1,197,4.47,170,40.7124,-74.0314
523,East over.,Thomas,Queens,Shared room,39.0,7,277,2.88,106,40.8151,-74.1176
524,Data write.,Traci,Queens,Shared room,126.0,1,263,4.73,345,40.6456,-74.1294
525,Bit speak approach his.,William,Bronx,Private room,149.0,5,316,0.2,187,40.5701,-73.9265
526,Against grow whole company.,Rebecca,Manhattan,Shared room,57.0,14,396,1.02,171,40.5955,-74.1046
527,Throughout public senior drug course.,Denise,Bronx,Shared room,42.0,30,297,4.36,359,40.5839,-73.852
528,Moment unit soon old.,Madison,Brooklyn,Private room,85.0,3,136,2.52,216,40.6109,-74.1247
529,Card imagine each defense power.,Jessica,Queens,Private room,105.0,5,256,2.63,62,40.6881,-73.9372
530,Final mention take speak manage.,Colin,Staten Island,Private room,39.0,5,317,1.84,344,40.8781,-73.8265
531,Raise agency.,Jerome,Manhattan,Entire home/apt,140.0,5,44,0.4,91,40.6153,-73.7673
532,Blue television day most.,Hector,Manhattan,Entire home/apt,83.0,3,57,3.49,254,40.5602,-74.0683
533,Leader book certain buy decision.,Autumn,Manhattan,Private room,96.0,5,349,2.71,67,40.6896,-73.9819
534,Program chair public professional.,Dylan,Manhattan,Private room,106.0,2,32,0.11,118,40.834,-73.9422
535,Happy successful class.,Matthew,Queens,Private room,61.0,7,175,3.28,167,40.6945,-73.8837
536,Ten everybody father.,Philip,Staten Island,Shared room,103.0,5,234,1.52,67,40.8593,-74.0274
537,Physical later next.,Kenneth,Queens,Entire home/apt,101.0,5,190,4.85,24,40.5593,-74.0362
538,In know.,Ryan,Brooklyn,Shared room,10.0,2,364,2.68,93,40.8893,-73.8143
539,Could off foot above seem.,Jonathan,Brooklyn,Entire home/apt,159.0,2,59,0.21,162,40.7298,-73.9736
540,Approach particular arm worker.,Anthony,Queens,Entire home/apt,192.0,2,287,3.54,340,40.6268,-74.0125
541,Adult explain manage.,Mathew,Queens,Private room,147.0,7,83,2.67,62,40.8682,-73.9882
542,Goal feel thought from.,Heather,Bronx,Entire home/apt,132.0,5,163,0.78,279,40.8902,-74.0175
543,Charge myself.,Edward,Queens,Private room,123.0,3,386,4.9,293,40.7668,-73.8302
544,Increase common shake door.,Janet,Bronx,Private room,78.0,14,57,3.66,20,40.5558,-73.9296
545,List star Mr find.,Keith,Queens,Entire home/apt,143.0,5,316,4.2,228,40.643,-74.0195
546,Company money big generation.,Billy,Staten Island,Shared room,75.0,2,298,2.63,142,40.5783,-74.1166
547,Film perhaps.,David,Bronx,Shared room,66.0,14,44,4.88,201,40.5778,-74.0229
548,If important change civil.,Joseph,Staten Island,Shared room,10.0,1,341,1.81,75,40.7864,-73.9789
549,Teach paper.,Claudia,Bronx,Private room,139.0,1,145,1.72,157,40.891,-73.8003
550,North add speech range.,John,Manhattan,Entire home/apt,205.0,14,227,3.71,212,40.8215,-74.0345
551,Sure grow fight.,Terri,Bronx,Shared room,15.0,5,71,4.18,306,40.5344,-74.0669
552,From attention nothing wrong lawyer.,Luke,Bronx,Shared room,56.0,3,33,4.67,302,40.8024,-74.1146
553,Final blood customer.,David,Bronx,Shared room,60.0,3,212,0.87,236,40.7841,-73.8479
554,Individual account conference southern.,Amy,Brooklyn,Entire home/apt,160.0,2,195,1.45,251,40.5169,-73.8195
555,Director these threat.,Joseph,Staten Island,Private room,58.0,5,286,3.7,114,40.5107,-74.149
556,Bank month least.,Richard,Queens,Private room,53.0,14,325,2.36,334,40.7664,-74.0349
557,Air consumer choose say.,Angela,Brooklyn,Private room,79.0,14,330,1.22,61,40.8059,-73.9528
558,Modern place already natural.,Darrell,Manhattan,Shared room,87.0,14,185,2.91,289,40.6744,-74.0468
559,Friend father.,Victor,Bronx,Shared room,62.0,30,61,1.87,294,40.507,-74.0462
560,Sit to unit recently.,Heidi,Staten Island,Entire home/apt,135.0,2,163,2.31,354,40.5542,-74.0847
561,Reason drive space.,Kayla,Queens,Private room,111.0,5,325,4.56,182,40.5195,-74.0333
562,Fish ago discussion.,Jamie,Manhattan,Shared room,10.0,2,392,3.14,48,40.7395,-74.0831
563,Point society strategy whether network.,Frances,Queens,Private room,126.0,30,350,4.0,138,40.7742,-73.8747
564,Certainly clear week prepare.,Jerry,Manhattan,Shared room,10.0,7,180,4.12,6,40.5548,-74.0374
565,Charge middle face dark firm.,Travis,Bronx,Private room,66.0,3,83,0.51,79,40.7014,-73.8174
566,Determine career speak thank.,Timothy,Staten Island,Shared room,10.0,14,269,4.23,364,40.7204,-73.8475
567,Speech several.,John,Manhattan,Private room,28.0,5,39,0.58,67,40.8694,-73.9582
568,Girl deal.,Garrett,Queens,Shared room,86.0,3,71,4.09,305,40.7092,-73.762
569,Tend Congress cold.,Cory,Brooklyn,Shared room,21.0,3,14,3.72,60,40.5889,-73.8073
570,Maybe official exist.,Donald,Brooklyn,Shared room,54.0,2,157,0.63,66,40.8924,-73.9801
571,National bring.,Laura,Manhattan,Entire home/apt,148.0,1,396,2.42,220,40.517,-74.1069
572,Order blue cup.,Katherine,Staten Island,Shared room,59.0,1,240,0.59,129,40.5173,-74.0293
573,Price former we.,Kendra,Manhattan,Entire home/apt,153.0,30,63,4.6,105,40.735,-74.07
574,Fall me six.,Melissa,Queens,Entire home/apt,99.0,1,74,4.23,142,40.8795,-74.0109
575,Race offer north foreign.,William,Brooklyn,Shared room,80.0,30,373,3.06,258,40.7281,-74.1104
576,Skill realize loss visit.,David,Staten Island,Entire home/apt,130.0,7,111,3.58,144,40.5687,-73.8484
577,Big value front increase study.,Sabrina,Manhattan,Shared room,10.0,1,109,4.6,362,40.6899,-73.8707
578,Many social move seven.,Jamie,Brooklyn,Private room,63.0,14,54,0.9,181,40.8925,-73.9804
579,Along which morning street along.,Wendy,Staten Island,Entire home/apt,210.0,5,57,3.81,160,40.5494,-74.1059
580,Debate point produce most.,Lauren,Brooklyn,Private room,114.0,30,184,3.52,285,40.7889,-74.1171
581,Paper point quality.,Jason,Bronx,Entire home/apt,136.0,5,145,2.28,159,40.7748,-73.8136
582,Fine pull full.,David,Brooklyn,Shared room,26.0,5,148,4.92,219,40.5755,-74.1222
583,You perform yes.,Kenneth,Bronx,Shared room,27.0,3,91,0.06,345,40.6967,-74.1079
584,Pay another agent.,Jose,Bronx,Shared room,123.0,14,346,0.43,73,40.6579,-73.872
585,Result rich.,Vicki,Manhattan,Shared room,55.0,2,33,1.82,101,40.6355,-73.912
586,Culture hour unit.,William,Bronx,Entire home/apt,167.0,2,217,3.63,142,40.8059,-73.8436
587,Under though today give look.,Edward,Staten Island,Private room,121.0,30,329,4.72,182,40.6903,-73.9087
588,Husband hold assume large him.,Melinda,Bronx,Private room,90.0,7,142,0.74,232,40.5432,-74.0497
589,Soldier hope toward one many.,Victoria,Bronx,Entire home/apt,140.0,14,68,0.15,27,40.8321,-73.9507
590,Say community fight edge.,Victoria,Manhattan,Entire home/apt,142.0,5,309,3.4,78,40.6211,-73.9007
591,Over end tend risk later.,Barbara,Manhattan,Shared room,37.0,30,266,3.84,238,40.5808,-73.8852
592,Full understand teacher.,Crystal,Bronx,Shared room,39.0,3,277,1.72,276,40.7186,-73.769
593,Bag great.,Emily,Manhattan,Private room,109.0,1,196,2.25,192,40.677,-74.1356
594,Guy white adult.,Samantha,Brooklyn,Shared room,42.0,14,399,1.52,361,40.5657,-73.9777
595,Consider research.,Bradley,Queens,Shared room,69.0,5,249,3.82,291,40.77,-73.886
596,Politics drive travel image water.,Margaret,Staten Island,Shared room,37.0,5,243,2.81,80,40.7027,-73.9934
597,Management short.,Natalie,Bronx,Shared room,43.0,5,315,3.38,145,40.6282,-74.1387
598,Everybody enter condition.,Kathleen,Manhattan,Entire home/apt,70.0,30,187,1.74,298,40.5108,-73.7935
599,Room glass deep statement.,Michael,Queens,Private room,117.0,1,219,1.73,182,40.6648,-74.1274
600,Eat turn eight describe.,Cody,Brooklyn,Entire home/apt,164.0,2,331,1.56,43,40.8642,-74.1238
601,Identify newspaper stage rest hit.,Sharon,Queens,Entire home/apt,190.0,3,86,0.1,166,40.515,-73.8869
602,Make us add customer tell.,Clayton,Bronx,Shared room,10.0,7,215,1.33,356,40.6879,-74.1411
603,Interest health interview.,Christopher,Queens,Private room,164.0,7,199,1.61,50,40.8233,-74.11
604,Attack discover stage movement.,Jose,Brooklyn,Private room,74.0,5,257,4.06,341,40.6358,-73.9041
605,Deal tonight idea ground.,Judy,Queens,Private room,124.0,2,254,3.18,38,40.8362,-73.9357
606,Though put value region detail.,Felicia,Queens,Private room,38.0,1,152,4.98,205,40.8218,-73.9002
607,Occur key.,Diane,Manhattan,Shared room,65.0,30,296,0.47,172,40.6093,-73.9234
608,Building pretty list.,Guy,Staten Island,Private room,38.0,5,107,1.74,39,40.7606,-74.0293
609,Seek too road will.,Cassandra,Queens,Private room,55.0,14,276,1.57,212,40.6609,-73.9
610,Yes fund movie central performance.,Linda,Bronx,Shared room,117.0,30,280,0.9,9,40.7511,-73.9435
611,Beat war.,Stephanie,Brooklyn,Shared room,32.0,5,109,3.3,239,40.6072,-73.8948
612,Data performance support.,Samuel,Staten Island,Private room,89.0,7,372,3.13,267,40.5803,-73.965
613,Fish walk.,Patrick,Brooklyn,Entire home/apt,185.0,14,350,3.83,222,40.6641,-73.8059
614,Listen decide.,Guy,Manhattan,Shared room,60.0,2,211,1.33,146,40.7584,-74.0474
615,Likely hour feel.,Cynthia,Staten Island,Entire home/apt,156.0,5,122,0.57,98,40.5111,-73.8312
616,Series continue.,Linda,Queens,Private room,95.0,5,286,4.96,216,40.7588,-74.1352
617,Away itself.,Teresa,Brooklyn,Private room,176.0,2,14,1.29,142,40.7635,-74.0796
618,Third read.,Zachary,Manhattan,Shared room,38.0,5,400,0.1,42,40.6256,-74.0308
619,Hair official Congress.,Nicholas,Manhattan,Private room,88.0,3,343,3.29,46,40.6588,-73.8141
620,Month able maintain direction.,Pamela,Brooklyn,Entire home/apt,192.0,1,292,3.67,61,40.7088,-73.8184
621,Computer soldier.,Nicholas,Staten Island,Private room,124.0,5,46,1.19,62,40.8093,-74.0246
622,Fill result kind.,Linda,Staten Island,Shared room,87.0,5,383,3.72,216,40.5872,-74.1073
623,Thing financial do.,Elizabeth,Brooklyn,Private room,106.0,5,209,1.27,301,40.5224,-73.9366
624,Spend both step I.,Christine,Manhattan,Private room,34.0,7,216,2.37,126,40.8853,-73.7982
625,Candidate even much send TV.,Frederick,Brooklyn,Private room,145.0,5,366,1.84,157,40.5084,-73.7633
626,Defense realize another.,Amanda,Staten Island,Entire home/apt,104.0,30,378,3.31,27,40.7763,-73.8345
627,Thing decade rest kid.,Sean,Brooklyn,Private room,92.0,7,196,1.55,358,40.6451,-73.8251
628,Around meet.,Kari,Manhattan,Shared room,10.0,30,121,4.29,198,40.5031,-73.7657
629,Admit city out.,Daniel,Queens,Private room,77.0,1,387,1.18,107,40.8438,-74.0859
630,Sit record event fall.,Austin,Bronx,Shared room,53.0,3,392,3.22,17,40.6096,-74.118
631,Within position daughter size almost.,Julie,Bronx,Private room,93.0,14,211,4.63,170,40.787,-73.7993
632,Once itself word worry.,Melissa,Manhattan,Entire home/apt,167.0,14,133,2.53,180,40.6683,-73.8583
633,Million increase few along support.,Lee,Staten Island,Shared room,105.0,3,232,3.48,26,40.7565,-74.0765
634,Good yard.,Patricia,Bronx,Shared room,58.0,2,1,2.0,321,40.6222,-73.9197
635,Truth to any some.,Cassidy,Manhattan,Entire home/apt,140.0,2,264,3.57,332,40.8053,-73.8112
636,Star allow pull.,Amanda,Bronx,Private room,119.0,5,244,4.37,68,40.6043,-73.875
637,Yourself discuss threat sure.,Richard,Queens,Private room,128.0,2,43,2.07,93,40.6574,-73.9991
638,Political rest culture similar.,Madison,Staten Island,Entire home/apt,101.0,1,11,4.62,331,40.7448,-74.0585
639,Shake whether notice on system.,Jessica,Manhattan,Private room,104.0,2,134,3.51,86,40.5199,-73.9028
640,Second eight smile.,Barbara,Staten Island,Private room,108.0,2,45,4.79,87,40.8789,-74.1031
641,Soldier technology could forward.,Amanda,Staten Island,Private room,68.0,30,232,4.14,253,40.5474,-73.8646
642,Win whom near game maintain.,Dylan,Brooklyn,Private room,135.0,3,382,2.47,66,40.6725,-74.0674
643,Worker drug tough.,Carl,Brooklyn,Private room,74.0,14,346,0.95,92,40.6634,-74.0916
644,Back kitchen.,Jimmy,Queens,Private room,85.0,2,316,2.25,127,40.6479,-73.8763
645,We skill mother opportunity.,Yolanda,Bronx,Entire home/apt,143.0,1,240,0.67,165,40.8898,-73.991
646,School walk chair.,Christopher,Brooklyn,Shared room,41.0,5,362,2.12,305,40.6025,-74.1119
647,Act fact collection east bed.,Thomas,Manhattan,Entire home/apt,106.0,3,120,2.35,181,40.8987,-73.7743
648,Ahead bill especially least.,Sara,Staten Island,Shared room,10.0,14,23,0.03,258,40.7479,-74.029
649,Old gas.,Carolyn,Bronx,Shared room,104.0,3,67,4.84,286,40.5164,-74.0783
650,Prevent research answer pattern sport.,Robert,Brooklyn,Shared room,10.0,5,173,4.39,67,40.5359,-73.8659
651,Sort spring more everything.,Jennifer,Bronx,Entire home/apt,110.0,3,59,1.57,65,40.6997,-73.7607
652,Day participant animal sense.,Kelsey,Queens,Shared room,10.0,3,220,1.41,134,40.7452,-73.8454
653,Rise practice drive explain.,Brenda,Queens,Shared room,14.0,3,223,4.46,161,40.7947,-73.9535
654,Case run.,Dennis,Brooklyn,Shared room,10.0,30,336,3.18,225,40.5213,-74.0906
655,Dog environment well anything.,Amanda,Brooklyn,Entire home/apt,216.0,1,240,1.3,361,40.6869,-74.1036
656,Outside each.,Erica,Bronx,Entire home/apt,190.0,5,182,4.94,287,40.6941,-73.9528
657,With leg someone late.,Frank,Brooklyn,Entire home/apt,122.0,3,47,1.02,145,40.5723,-74.0827
658,Design risk foreign.,Lawrence,Staten Island,Private room,170.0,7,339,2.93,298,40.8992,-74.1483
659,Best above side.,Devin,Staten Island,Entire home/apt,189.0,5,39,1.23,255,40.7708,-73.7951
660,It idea prevent.,Sarah,Manhattan,Private room,67.0,14,348,0.61,191,40.7361,-73.7695
661,Discussion reason listen full arrive.,Richard,Queens,Entire home/apt,50.0,1,41,2.3,362,40.7638,-73.9684
662,Successful very.,Julia,Queens,Shared room,132.0,14,2,1.65,22,40.7625,-73.7696
663,Ready home western.,Michelle,Queens,Shared room,10.0,14,291,0.65,24,40.8206,-74.0368
664,Between choose physical.,Gary,Manhattan,Shared room,10.0,1,280,4.76,195,40.537,-74.0479
665,Similar their property join.,Ashley,Brooklyn,Private room,121.0,1,10,4.26,83,40.6554,-73.989
666,Student every every.,Benjamin,Brooklyn,Entire home/apt,248.0,3,251,4.01,158,40.8615,-73.9086
667,No base organization you.,George,Queens,Shared room,95.0,1,188,2.56,250,40.6782,-73.9948
668,Provide own like.,Joshua,Queens,Shared room,63.0,7,216,0.45,216,40.8244,-73.9045
669,How fight ask issue.,Darlene,Bronx,Shared room,64.0,5,47,0.2,174,40.8893,-73.8794
670,Growth song enough.,Bryan,Brooklyn,Private room,114.0,7,322,3.24,42,40.6163,-73.9751
671,Series to score stuff stop.,Gina,Bronx,Private room,110.0,2,65,3.42,153,40.8366,-73.9408
672,Business evidence total push four.,Joshua,Queens,Shared room,51.0,1,282,0.38,23,40.7054,-73.9457
673,Person our above seat.,Lisa,Bronx,Entire home/apt,154.0,5,338,3.6,129,40.6422,-73.9158
674,Water beat carry year.,Diane,Staten Island,Entire home/apt,147.0,1,379,3.31,91,40.8145,-73.8128
675,Defense deal traditional theory.,Justin,Manhattan,Entire home/apt,120.0,5,360,1.49,300,40.7896,-73.8471
676,Again rich film sort win.,Sarah,Bronx,Shared room,29.0,30,135,1.71,95,40.5844,-74.1187
677,Discussion long environment.,Heather,Staten Island,Private room,12.0,30,344,0.53,273,40.5072,-73.992
678,Inside economic new.,Tina,Manhattan,Entire home/apt,146.0,14,244,2.3,207,40.8475,-73.7637
679,Prove recognize.,Randy,Staten Island,Shared room,10.0,5,155,3.09,315,40.6443,-73.8805
680,Success perform better along.,Renee,Bronx,Private room,36.0,1,64,0.68,97,40.5448,-74.1436
681,Usually show address star nor.,Robert,Brooklyn,Entire home/apt,157.0,2,246,3.24,332,40.5967,-73.8132
682,Task kid truth maintain.,Blake,Staten Island,Entire home/apt,206.0,1,154,3.85,75,40.6896,-74.1413
683,Rock act.,Ryan,Brooklyn,Entire home/apt,187.0,14,359,2.23,248,40.6886,-73.8061
684,Value political pay.,Chase,Staten Island,Entire home/apt,87.0,2,150,2.85,200,40.5204,-74.1469
685,Conference to carry rich.,David,Bronx,Private room,40.0,30,253,3.69,305,40.7924,-73.7504
686,Behavior outside consumer.,Emily,Manhattan,Private room,118.0,5,248,2.57,313,40.8741,-73.788
687,Democrat decision.,Tracy,Bronx,Entire home/apt,111.0,14,31,2.64,216,40.7306,-73.9287
688,Program black agent mention heavy.,Wesley,Queens,Shared room,31.0,5,242,0.58,318,40.8756,-74.0113
689,Determine food final never.,William,Bronx,Entire home/apt,172.0,2,147,3.63,240,40.6375,-74.0572
690,Protect financial.,Zachary,Brooklyn,Shared room,10.0,14,173,4.61,336,40.6874,-73.7967
691,Officer Mr.,Ryan,Bronx,Private room,84.0,30,344,3.26,184,40.8184,-73.8301
692,Then act peace.,Denise,Brooklyn,Shared room,10.0,2,144,3.45,44,40.7668,-74.0984
693,Account learn happen.,Rebecca,Brooklyn,Entire home/apt,126.0,7,251,0.5,212,40.8772,-73.9525
694,Second concern.,Derrick,Brooklyn,Entire home/apt,163.0,7,24,5.0,183,40.8524,-74.0072
695,Long letter.,Michael,Brooklyn,Entire home/apt,86.0,30,257,0.16,32,40.6351,-74.1044
696,They leg trouble yard.,Latasha,Brooklyn,Entire home/apt,168.0,7,114,2.43,174,40.814,-73.8423
697,Determine space loss.,Anthony,Staten Island,Private room,79.0,2,353,4.37,309,40.7678,-73.8674
698,Professional threat best certain.,Lisa,Bronx,Private room,102.0,30,386,0.55,54,40.8127,-73.9061
699,Social discuss worry name.,Christina,Manhattan,Shared room,49.0,1,259,0.53,322,40.5472,-74.0678
700,Movie understand under.,Christopher,Queens,Entire home/apt,205.0,14,149,3.54,259,40.6994,-73.8018
701,Smile owner onto.,Brandon,Brooklyn,Shared room,45.0,3,171,4.1,62,40.8394,-73.9744
702,Rate man use experience high.,Robert,Bronx,Entire home/apt,133.0,2,242,1.71,258,40.5685,-74.0436
703,Agency cup window room conference.,Brittany,Bronx,Private room,85.0,14,340,1.23,271,40.6687,-74.0587
704,Style crime see.,Jessica,Bronx,Private room,102.0,5,234,4.76,264,40.8178,-74.0053
705,Behind total.,Charles,Manhattan,Private room,82.0,2,394,0.05,264,40.8775,-74.1161
706,Other for become everybody.,Kerri,Queens,Private room,82.0,30,84,2.17,201,40.8037,-73.8859
707,Author will mouth.,Brian,Brooklyn,Shared room,12.0,1,323,4.9,338,40.8503,-73.7609
708,Tough challenge happy four.,James,Bronx,Private room,53.0,14,358,2.77,155,40.7886,-74.0245
709,Serious assume course outside.,Crystal,Queens,Entire home/apt,94.0,30,143,4.5,312,40.8682,-73.8699
710,Type debate such service.,Tiffany,Bronx,Shared room,110.0,2,278,3.12,316,40.7608,-73.871
711,Usually say field network.,Ashley,Bronx,Entire home/apt,100.0,3,43,0.18,171,40.656,-73.8624
712,Above free fight whole win.,Tammy,Brooklyn,Shared room,12.0,7,145,1.07,261,40.7207,-73.9415
713,Structure occur six.,Elizabeth,Brooklyn,Entire home/apt,121.0,1,276,2.96,123,40.8329,-74.0284
714,Culture small against.,Mitchell,Bronx,Shared room,76.0,1,374,0.3,190,40.6039,-73.947
715,Heavy contain.,Elizabeth,Manhattan,Entire home/apt,138.0,30,333,4.71,229,40.6192,-73.8553
716,Common blood general create.,Emily,Bronx,Private room,130.0,2,381,4.95,289,40.7859,-73.775
717,Rock base mention.,Taylor,Staten Island,Shared room,13.0,2,179,1.5,341,40.8139,-73.8641
718,Time similar agree recognize already.,Jonathan,Brooklyn,Shared room,51.0,5,266,3.69,53,40.6311,-73.9171
719,Wife successful hand when treatment.,Jocelyn,Queens,Private room,47.0,1,75,3.56,210,40.5328,-74.1251
720,Hour light save.,Julia,Brooklyn,Private room,166.0,2,228,0.39,346,40.7105,-73.9147
721,Nearly charge.,Ryan,Staten Island,Private room,32.0,30,135,2.92,325,40.6694,-73.974
722,Bag make finish.,Morgan,Bronx,Shared room,52.0,5,83,0.72,65,40.6939,-73.9669
723,Only decision once also yourself.,Aaron,Staten Island,Shared room,65.0,1,355,1.06,242,40.513,-74.0873
724,Involve brother computer Mr.,Jennifer,Staten Island,Private room,97.0,1,308,4.26,56,40.5483,-73.9213
725,Tree commercial but Mr identify.,Kathleen,Manhattan,Shared room,33.0,2,60,1.86,191,40.6213,-73.9556
726,Law his.,Lisa,Brooklyn,Entire home/apt,145.0,30,301,2.11,156,40.8556,-74.0638
727,Item local source.,Jon,Bronx,Entire home/apt,152.0,1,280,1.74,22,40.667,-73.9208
728,Course market push.,Meghan,Staten Island,Private room,74.0,3,400,1.89,310,40.5531,-74.0946
729,Technology official in.,Joanne,Bronx,Private room,119.0,14,229,0.74,166,40.5357,-73.9001
730,Throw half first particular.,Beverly,Staten Island,Private room,168.0,5,119,4.5,173,40.7164,-73.7668
731,Where popular move message.,Stephen,Bronx,Shared room,18.0,3,330,0.44,84,40.7829,-73.9212
732,Lot high chance road.,Timothy,Queens,Shared room,10.0,14,63,3.22,43,40.577,-73.9025
733,Future popular hospital need.,Joel,Staten Island,Entire home/apt,146.0,7,267,0.95,243,40.7011,-74.1425
734,Great office mouth.,James,Staten Island,Entire home/apt,253.0,1,140,3.93,125,40.8319,-73.8144
735,Often right state least month.,Austin,Staten Island,Private room,48.0,1,273,3.03,205,40.7356,-73.9534
736,Mrs fire ok administration enter.,Gail,Manhattan,Private room,146.0,5,92,2.07,270,40.627,-74.0471
737,No when.,Vanessa,Manhattan,Entire home/apt,217.0,7,86,1.43,93,40.6022,-74.1141
738,Red like money.,John,Queens,Private room,58.0,14,86,0.29,166,40.5726,-73.8647
739,Experience take argue recently such.,Michele,Queens,Private room,103.0,1,163,0.71,165,40.6032,-73.7734
740,Dinner hundred green.,Ryan,Manhattan,Entire home/apt,215.0,2,122,3.76,300,40.5946,-73.9466
741,Threat yourself black.,Jamie,Staten Island,Private room,65.0,1,137,0.3,237,40.7212,-74.1238
742,Skill partner campaign check.,Tina,Manhattan,Private room,72.0,14,119,4.57,9,40.6077,-73.7646
743,Identify poor tend.,Christina,Manhattan,Entire home/apt,127.0,30,284,3.26,64,40.6218,-73.9873
744,That value.,Timothy,Manhattan,Shared room,10.0,7,104,3.91,72,40.6493,-73.7559
745,Process hospital pull.,Veronica,Brooklyn,Shared room,14.0,5,284,2.26,0,40.8251,-73.7656
746,Necessary include arm.,Dawn,Staten Island,Private room,31.0,14,85,0.0,246,40.6093,-74.0496
747,Film wind fast.,Matthew,Bronx,Private room,81.0,30,323,1.06,261,40.6125,-74.0854
748,Drive work me adult.,Jonathan,Staten Island,Shared room,10.0,1,153,0.45,357,40.5492,-74.0941
749,Leg member answer huge.,Dylan,Staten Island,Private room,89.0,5,107,3.05,162,40.8536,-73.7718
750,Pass entire news such can.,Christine,Queens,Shared room,10.0,5,139,1.23,164,40.6367,-73.9661
751,Mean son they.,Tiffany,Staten Island,Private room,93.0,1,354,0.67,1,40.7435,-74.1483
752,Person discuss.,Peter,Manhattan,Shared room,73.0,2,211,2.78,356,40.7813,-73.845
753,Want once country.,Cody,Staten Island,Entire home/apt,70.0,30,332,3.26,275,40.5124,-73.8172
754,After color.,John,Bronx,Shared room,55.0,1,180,4.86,192,40.831,-74.0068
755,Have budget security.,Rebecca,Brooklyn,Shared room,89.0,1,63,2.31,98,40.6778,-74.0614
756,Account course begin.,Rachel,Manhattan,Private room,32.0,14,363,1.79,46,40.8265,-73.8999
757,Local central.,Edgar,Brooklyn,Entire home/apt,217.0,5,185,0.18,252,40.8618,-73.8672
758,Either tough civil play.,John,Brooklyn,Entire home/apt,167.0,2,326,1.98,142,40.7276,-73.9524
759,Require day take.,Lisa,Staten Island,Entire home/apt,122.0,14,378,2.83,349,40.7412,-74.0798
760,Site impact recent daughter.,Christian,Staten Island,Entire home/apt,148.0,14,33,0.64,291,40.8422,-73.7976
761,Evidence glass either.,James,Queens,Entire home/apt,172.0,30,347,0.12,354,40.7711,-73.9042
762,Future prove strategy.,Emily,Staten Island,Private room,83.0,1,218,3.2,332,40.5207,-73.7745
763,Establish while price since.,Heather,Bronx,Private room,102.0,3,62,3.4,238,40.6982,-73.9431
764,Stuff only page story set.,Katherine,Manhattan,Shared room,10.0,2,24,1.39,215,40.713,-74.0235
765,Know news set.,Kevin,Bronx,Entire home/apt,157.0,3,41,4.4,12,40.8961,-74.0597
766,Raise early size.,Ariana,Bronx,Entire home/apt,93.0,2,100,0.82,159,40.5251,-73.8999
767,Rise stuff really risk.,Sherry,Manhattan,Private room,76.0,5,12,2.96,320,40.874,-73.8138
768,Scene affect stage.,Christopher,Brooklyn,Entire home/apt,114.0,5,122,4.79,27,40.8287,-73.9421
769,Rich serve head fact positive.,Karen,Brooklyn,Entire home/apt,121.0,30,307,3.1,48,40.7501,-73.9184
770,Box good site article let.,Diane,Manhattan,Entire home/apt,199.0,1,193,1.57,355,40.526,-74.099
771,Become interest people staff they.,Jared,Bronx,Entire home/apt,194.0,3,312,3.13,33,40.5407,-74.1277
772,None financial fear push.,Isabel,Manhattan,Private room,104.0,30,195,2.01,316,40.8008,-74.0568
773,Face man level action.,John,Staten Island,Shared room,10.0,7,5,2.27,237,40.8181,-73.798
774,Customer look no.,Barbara,Staten Island,Entire home/apt,137.0,3,333,4.69,13,40.6816,-74.0187
775,Live century trial try.,Lisa,Brooklyn,Entire home/apt,199.0,1,6,2.98,34,40.7372,-73.8137
776,Trouble space behavior whose.,Daniel,Staten Island,Entire home/apt,156.0,14,260,1.28,215,40.6926,-73.9017
777,Town seven above specific.,David,Brooklyn,Entire home/apt,243.0,2,22,0.3,159,40.7338,-73.9447
778,Around make.,Kristina,Queens,Private room,96.0,7,277,3.88,75,40.6878,-73.9087
779,Rate music.,Eric,Queens,Private room,88.0,1,265,2.93,347,40.5578,-74.055
780,Than whole follow.,Elizabeth,Staten Island,Entire home/apt,138.0,5,176,0.98,102,40.7562,-74.0695
781,Game sister.,David,Manhattan,Private room,85.0,2,341,2.38,354,40.8928,-73.9101
782,Democrat even clear policy.,Seth,Queens,Shared room,34.0,7,171,3.08,214,40.6314,-74.1081
783,Point customer brother.,David,Manhattan,Private room,108.0,2,1,3.19,354,40.5921,-73.9004
784,Thing station those poor.,Tracy,Brooklyn,Private room,118.0,14,393,4.76,169,40.8229,-73.9996
785,Affect suddenly happen care decision.,Jessica,Bronx,Entire home/apt,119.0,30,3,1.81,37,40.6432,-73.9281
786,Hospital world someone.,Adam,Brooklyn,Private room,27.0,5,99,3.16,184,40.5176,-74.1381
787,Expect five rich trade.,Lee,Brooklyn,Private room,10.0,2,112,4.43,89,40.6359,-73.9282
788,Attorney choice.,Patricia,Brooklyn,Entire home/apt,170.0,1,90,4.21,51,40.5084,-73.879
789,Also forward simple beat.,Jesus,Bronx,Shared room,10.0,30,56,1.69,107,40.622,-74.0539
790,Kind old if.,Barry,Queens,Shared room,10.0,2,269,4.89,319,40.8527,-73.7986
791,Store usually rate figure piece.,Rebecca,Manhattan,Entire home/apt,166.0,2,66,3.97,98,40.713,-73.8723
792,Evening contain my.,Lee,Queens,Shared room,140.0,5,325,1.22,23,40.8052,-73.9151
793,Seven too thousand.,James,Staten Island,Private room,80.0,30,76,1.64,27,40.7518,-74.038
794,Something report own.,Brandon,Brooklyn,Shared room,74.0,7,250,1.05,41,40.8139,-73.8336
795,Service former modern society sure.,Monica,Staten Island,Entire home/apt,153.0,2,260,1.94,330,40.8005,-74.0003
796,Amount know early.,Adam,Staten Island,Private room,76.0,2,164,3.56,269,40.7778,-73.8637
797,Leg use.,Jeremy,Bronx,Private room,117.0,3,297,2.0,298,40.7599,-74.0671
798,Hair effect still.,Joshua,Brooklyn,Private room,68.0,30,120,1.98,156,40.67,-73.9992
799,Professional hope forget firm.,Shannon,Brooklyn,Private room,91.0,3,281,0.42,43,40.618,-73.9425
800,Year worker future population.,Maria,Brooklyn,Shared room,53.0,1,238,2.56,172,40.6704,-73.963
